tx_id,timestamp,payer_id,beneficiary_id,amount,flag,score
TX00001171,2025-12-06T19:07:29.091411,C100039,BEN2797,316.31,High-Risk,100
TX00003407,2025-12-06T19:07:34.091411,C100316,BEN7557,575.59,High-Risk,100
TX00003652,2025-12-06T19:11:44.091411,C100217,BEN5649,1029.83,STR,130
TX00001533,2025-12-06T19:20:04.091411,C100325,BEN2337,6058.4,High-Risk,100
TX00003943,2025-12-06T19:22:05.091411,C100267,BEN6810,1008.03,High-Risk,100
TX00000054,2025-12-06T19:26:11.091411,C100157,BEN2430,4604.3,High-Risk,100
TX00003674,2025-12-06T19:29:56.091411,C100315,BEN7017,6623.25,High-Risk,100
TX00003905,2025-12-06T19:39:36.091411,C100264,BEN1807,311.27,High-Risk,100
TX00001694,2025-12-06T19:42:56.091411,C100096,BEN3107,1731.63,High-Risk,100
TX00001053,2025-12-06T19:58:33.091411,C100367,BEN5526,645.66,High-Risk,100
TX00000474,2025-12-06T20:18:56.091411,C100225,BEN8867,1490.89,High-Risk,100
TX00000292,2025-12-06T20:21:46.091411,C100002,BEN8817,903.17,High-Risk,100
TX00000684,2025-12-06T20:23:08.091411,C100317,BEN3658,565.23,High-Risk,100
TX00002938,2025-12-06T20:24:18.091411,C100104,BEN7577,1871.39,STR,130
TX00003382,2025-12-06T20:26:07.091411,C100107,BEN2999,3124.61,High-Risk,100
TX00001085,2025-12-06T20:30:21.091411,C100125,BEN5887,3034.48,High-Risk,100
TX00001587,2025-12-06T20:38:19.091411,C100174,BEN6187,153.9,High-Risk,100
TX00001956,2025-12-06T20:48:41.091411,C100171,BEN8227,3739.48,High-Risk,100
TX00000997,2025-12-06T20:53:55.091411,C100036,BEN2317,510.03,High-Risk,100
TX00002217,2025-12-06T20:58:19.091411,C100267,BEN4714,2748.41,High-Risk,100
TX00003242,2025-12-06T21:00:54.091411,C100003,BEN6667,3545.08,High-Risk,100
TX00003318,2025-12-06T21:03:08.091411,C100377,BEN7929,2414.73,High-Risk,100
TX00002216,2025-12-06T21:05:36.091411,C100197,BEN5772,80.57,High-Risk,100
TX00001541,2025-12-06T21:10:35.091411,C100199,BEN2447,4163.43,High-Risk,100
TX00001025,2025-12-06T21:28:50.091411,C100172,BEN8277,185.18,High-Risk,100
TX00000758,2025-12-06T21:31:07.091411,C100267,BEN3984,3943.62,High-Risk,100
TX00001477,2025-12-06T21:31:43.091411,C100007,BEN6418,1899.9,High-Risk,100
TX00003492,2025-12-06T21:36:20.091411,C100376,BEN4757,3348.35,High-Risk,100
TX00002990,2025-12-06T21:38:45.091411,C100301,BEN5317,1233.97,High-Risk,100
TX00003208,2025-12-06T21:43:29.091411,C100287,BEN5065,1620.54,High-Risk,100
TX00000630,2025-12-06T21:45:51.091411,C100254,BEN1217,1447.33,High-Risk,100
TX00001461,2025-12-06T21:55:47.091411,C100047,BEN3666,3297.13,High-Risk,100
TX00003580,2025-12-06T21:59:27.091411,C100298,BEN6227,682.08,High-Risk,100
TX00000576,2025-12-06T22:01:38.091411,C100125,BEN4677,897.23,High-Risk,100
TX00000013,2025-12-06T22:06:35.091411,C100161,BEN9897,4572.86,High-Risk,100
TX00000819,2025-12-06T22:06:48.091411,C100267,BEN4189,608.76,High-Risk,100
TX00001290,2025-12-06T22:09:30.091411,C100087,BEN4563,4195.41,STR,130
TX00000941,2025-12-06T22:09:34.091411,C100337,BEN8725,1385.64,High-Risk,100
TX00002748,2025-12-06T22:12:00.091411,C100319,BEN9997,372.44,High-Risk,100
TX00001763,2025-12-06T22:13:30.091411,C100383,BEN3347,1287.85,High-Risk,100
TX00001528,2025-12-06T22:20:41.091411,C100387,BEN9698,1331.54,High-Risk,100
TX00001937,2025-12-06T22:22:20.091411,C100327,BEN6263,751.89,High-Risk,100
TX00002817,2025-12-06T22:24:45.091411,C100164,BEN1917,3598.09,High-Risk,100
TX00000690,2025-12-06T22:50:55.091411,C100070,BEN8814,184816.39,High-Risk,80
TX00002937,2025-12-06T22:57:24.091411,C100157,BEN2978,6878.35,High-Risk,100
TX00002858,2025-12-06T23:05:01.091411,C100347,BEN6274,4113.66,High-Risk,100
TX00003275,2025-12-06T23:06:15.091411,C100207,BEN7447,2665.58,High-Risk,100
TX00000951,2025-12-06T23:08:33.091411,C100077,BEN4873,573.0,High-Risk,100
TX00001127,2025-12-06T23:20:58.091411,C100241,BEN5487,3492.3,High-Risk,100
TX00001003,2025-12-06T23:22:55.091411,C100058,BEN5647,448.31,High-Risk,100
TX00001466,2025-12-06T23:27:30.091411,C100217,BEN6658,511.55,High-Risk,100
TX00002181,2025-12-06T23:31:49.091411,C100277,BEN3786,1157.11,High-Risk,100
TX00000366,2025-12-06T23:33:52.091411,C100302,BEN6237,5215.15,High-Risk,100
TX00001549,2025-12-06T23:38:02.091411,C100017,BEN8770,3202.53,High-Risk,100
TX00003986,2025-12-06T23:42:51.091411,C100114,BEN8967,4478.53,High-Risk,100
TX00000792,2025-12-06T23:46:26.091411,C100227,BEN7323,2866.44,High-Risk,100
TX00003029,2025-12-06T23:55:08.091411,C100272,BEN6337,2327.81,High-Risk,100
TX00003281,2025-12-06T23:57:16.091411,C100194,BEN5437,1823.26,High-Risk,100
TX00003670,2025-12-06T23:59:27.091411,C100047,BEN6369,5323.13,High-Risk,100
TX00003811,2025-12-07T00:01:47.091411,C100171,BEN6687,3008.8,STR,120
TX00002629,2025-12-07T00:02:29.091411,C100355,BEN4087,486.5,High-Risk,100
TX00000518,2025-12-07T00:16:34.091411,C100177,BEN3918,4691.83,STR,120
TX00001133,2025-12-07T00:19:37.091411,C100317,BEN2998,3243.3,STR,120
TX00001926,2025-12-07T00:25:04.091411,C100306,BEN6451,178317.77,STR,170
TX00001316,2025-12-07T00:25:33.091411,C100066,BEN2527,430094.04,STR,200
TX00002104,2025-12-07T00:31:29.091411,C100096,BEN8167,1615.45,STR,120
TX00003815,2025-12-07T00:33:44.091411,C100387,BEN7709,3168.1,STR,120
TX00003926,2025-12-07T00:49:57.091411,C100371,BEN1227,3596.42,STR,120
TX00003597,2025-12-07T00:52:39.091411,C100055,BEN2837,2226.17,STR,120
TX00002833,2025-12-07T00:55:17.091411,C100187,BEN5112,95975.24,STR,120
TX00002006,2025-12-07T00:55:44.091411,C100047,BEN6661,3123.64,STR,120
TX00003849,2025-12-07T01:01:05.091411,C100119,BEN5127,2987.54,STR,120
TX00003491,2025-12-07T01:09:39.091411,C100261,BEN3655,7239.53,Medium,50
TX00001452,2025-12-07T01:15:29.091411,C100065,BEN5013,3060.06,Medium,50
TX00003241,2025-12-07T01:16:32.091411,C100067,BEN5097,3717.21,STR,150
TX00001194,2025-12-07T01:17:36.091411,C100202,BEN9810,1280.83,Medium,50
TX00001675,2025-12-07T01:19:25.091411,C100027,BEN3477,1416.26,STR,120
TX00000737,2025-12-07T01:33:09.091411,C100067,BEN3805,4838.99,STR,150
TX00003041,2025-12-07T01:34:02.091411,C100355,BEN2417,1920.96,STR,120
TX00003684,2025-12-07T01:44:33.091411,C100357,BEN2534,4098.44,STR,120
TX00001866,2025-12-07T01:46:06.091411,C100131,BEN3987,1066.53,STR,120
TX00001319,2025-12-07T01:48:38.091411,C100176,BEN3657,7461.28,STR,120
TX00001925,2025-12-07T01:56:20.091411,C100149,BEN4117,2160.35,STR,120
TX00002888,2025-12-07T01:57:32.091411,C100102,BEN9557,771.74,High-Risk,100
TX00003881,2025-12-07T01:58:40.091411,C100207,BEN4774,5915.75,STR,120
TX00003103,2025-12-07T02:03:19.091411,C100247,BEN9408,2726.44,STR,120
TX00000979,2025-12-07T02:13:56.091411,C100297,BEN6384,3713.04,STR,120
TX00002563,2025-12-07T02:19:50.091411,C100357,BEN4530,3557.96,STR,120
TX00000700,2025-12-07T02:31:49.091411,C100348,BEN3223,2810.89,Medium,50
TX00002943,2025-12-07T02:44:56.091411,C100060,BEN2137,1020.17,STR,120
TX00001471,2025-12-07T02:45:05.091411,C100234,BEN8877,1033.87,STR,120
TX00002889,2025-12-07T02:57:47.091411,C100147,BEN3539,1286.96,STR,120
TX00000593,2025-12-07T03:10:14.091411,C100117,BEN2104,870.09,High-Risk,100
TX00003860,2025-12-07T03:11:06.091411,C100312,BEN5981,3774.35,Medium,50
TX00001512,2025-12-07T03:30:01.091411,C100097,BEN6836,1649.41,STR,120
TX00003511,2025-12-07T03:35:15.091411,C100047,BEN9025,1172.72,STR,120
TX00000036,2025-12-07T03:36:29.091411,C100327,BEN4618,3404.66,STR,120
TX00003585,2025-12-07T03:36:35.091411,C100089,BEN2937,2734.15,STR,120
TX00003339,2025-12-07T03:43:14.091411,C100267,BEN3094,3474.15,STR,120
TX00000581,2025-12-07T03:46:24.091411,C100396,BEN7778,1274.04,Medium,50
TX00002229,2025-12-07T03:49:42.091411,C100136,BEN3557,4723.58,STR,120
TX00001844,2025-12-07T03:51:00.091411,C100137,BEN1412,5591.6,STR,120
TX00002775,2025-12-07T03:59:14.091411,C100287,BEN2710,2474.03,STR,120
TX00003710,2025-12-07T04:02:04.091411,C100170,BEN9637,1559.33,STR,120
TX00003999,2025-12-07T04:06:08.091411,C100121,BEN6021,2204.23,Medium,50
TX00000382,2025-12-07T04:08:17.091411,C100207,BEN1119,4248.83,STR,120
TX00002168,2025-12-07T04:12:42.091411,C100387,BEN1283,2643.96,STR,150
TX00001448,2025-12-07T04:13:14.091411,C100397,BEN6642,148.83,High-Risk,100
TX00003151,2025-12-07T04:14:13.091411,C100077,BEN4586,1497.24,STR,120
TX00001834,2025-12-07T04:14:29.091411,C100171,BEN8657,681.35,High-Risk,100
TX00000165,2025-12-07T04:15:48.091411,C100067,BEN6846,823.62,High-Risk,100
TX00002115,2025-12-07T04:23:26.091411,C100145,BEN7597,3519.22,STR,120
TX00003487,2025-12-07T04:24:23.091411,C100205,BEN8377,1625.49,STR,120
TX00003806,2025-12-07T04:26:02.091411,C100025,BEN9887,1057.65,STR,120
TX00000087,2025-12-07T04:26:11.091411,C100047,BEN8552,4464.5,STR,120
TX00001698,2025-12-07T04:28:03.091411,C100387,BEN4614,2875.12,STR,120
TX00000760,2025-12-07T04:47:45.091411,C100097,BEN3346,3797.49,STR,120
TX00003756,2025-12-07T04:51:43.091411,C100036,BEN3437,3685.45,STR,120
TX00000719,2025-12-07T04:52:02.091411,C100207,BEN7662,408.89,High-Risk,100
TX00003682,2025-12-07T04:57:32.091411,C100327,BEN6220,214.46,High-Risk,100
TX00000757,2025-12-07T04:58:14.091411,C100003,BEN6027,847.35,High-Risk,100
TX00000692,2025-12-07T04:58:36.091411,C100207,BEN5713,788.7,STR,130
TX00003315,2025-12-07T05:00:45.091411,C100187,BEN2112,1483.92,STR,120
TX00000300,2025-12-07T05:05:26.091411,C100062,BEN1107,2015.82,STR,120
TX00000641,2025-12-07T05:11:41.091411,C100067,BEN8177,1181.86,STR,120
TX00003616,2025-12-07T05:15:11.091411,C100001,BEN9057,1064.55,STR,120
TX00001889,2025-12-07T05:17:20.091411,C100307,BEN1445,1729.43,STR,120
TX00000470,2025-12-07T05:23:44.091411,C100018,BEN8434,10413.66,Medium,50
TX00002848,2025-12-07T05:25:44.091411,C100061,BEN8337,911.92,High-Risk,100
TX00002043,2025-12-07T05:26:04.091411,C100057,BEN3810,369.94,High-Risk,100
TX00001981,2025-12-07T05:30:49.091411,C100202,BEN8985,1134.77,Medium,50
TX00002255,2025-12-07T05:35:43.091411,C100179,BEN3177,687.11,High-Risk,100
TX00001565,2025-12-07T05:41:15.091411,C100321,BEN6347,1855.15,STR,120
TX00002421,2025-12-07T05:41:28.091411,C100397,BEN7983,1100.41,STR,120
TX00001391,2025-12-07T05:42:03.091411,C100295,BEN3282,3817.98,Medium,50
TX00000367,2025-12-07T05:47:36.091411,C100307,BEN6060,445.79,High-Risk,100
TX00000100,2025-12-07T05:47:42.091411,C100061,BEN3738,2523.46,Medium,50
TX00001669,2025-12-07T05:56:08.091411,C100210,BEN1963,161025.39,High-Risk,100
TX00000449,2025-12-07T05:59:51.091411,C100267,BEN3664,1235.76,STR,150
TX00000220,2025-12-07T06:03:49.091411,C100337,BEN4869,1730.09,High-Risk,100
TX00003626,2025-12-07T06:05:08.091411,C100022,BEN5867,1891.4,High-Risk,100
TX00000548,2025-12-07T06:06:36.091411,C100077,BEN2441,2033.29,High-Risk,100
TX00000988,2025-12-07T06:19:40.091411,C100192,BEN8567,1191.2,High-Risk,100
TX00003647,2025-12-07T06:20:41.091411,C100245,BEN3317,3013.6,High-Risk,100
TX00002513,2025-12-07T06:26:46.091411,C100357,BEN3839,2249.05,High-Risk,100
TX00003903,2025-12-07T06:27:35.091411,C100163,BEN4447,675.76,High-Risk,100
TX00000032,2025-12-07T06:33:33.091411,C100208,BEN4267,873.92,High-Risk,100
TX00003832,2025-12-07T06:40:44.091411,C100187,BEN6782,501.25,High-Risk,100
TX00002720,2025-12-07T06:42:05.091411,C100134,BEN2897,2520.95,High-Risk,100
TX00003391,2025-12-07T06:43:08.091411,C100287,BEN3062,1667.45,High-Risk,100
TX00001142,2025-12-07T06:48:23.091411,C100071,BEN3867,3794.44,High-Risk,100
TX00000740,2025-12-07T06:49:00.091411,C100327,BEN9785,6121.23,High-Risk,100
TX00003510,2025-12-07T06:53:55.091411,C100147,BEN1393,1336.66,High-Risk,100
TX00000671,2025-12-07T07:03:56.091411,C100172,BEN2357,3497.33,High-Risk,100
TX00003177,2025-12-07T07:11:13.091411,C100257,BEN9540,449.58,High-Risk,100
TX00001179,2025-12-07T07:12:46.091411,C100247,BEN2899,1348.94,High-Risk,100
TX00002540,2025-12-07T07:13:42.091411,C100237,BEN7655,669.8,High-Risk,100
TX00002868,2025-12-07T07:14:05.091411,C100047,BEN5631,176.59,High-Risk,100
TX00000685,2025-12-07T07:15:25.091411,C100097,BEN2096,743.97,High-Risk,100
TX00003025,2025-12-07T07:24:03.091411,C100307,BEN1545,657.19,High-Risk,100
TX00000909,2025-12-07T07:30:14.091411,C100337,BEN8390,5057.01,High-Risk,100
TX00002671,2025-12-07T07:32:01.091411,C100105,BEN6867,2473.35,High-Risk,100
TX00001484,2025-12-07T07:36:59.091411,C100374,BEN9457,1804.71,High-Risk,100
TX00003683,2025-12-07T07:41:37.091411,C100012,BEN4171,167982.31,High-Risk,80
TX00000730,2025-12-07T07:43:20.091411,C100383,BEN4737,1717.29,High-Risk,100
TX00000538,2025-12-07T07:49:46.091411,C100247,BEN2060,2237.66,High-Risk,100
TX00001620,2025-12-07T08:02:25.091411,C100087,BEN2681,1330.73,High-Risk,100
TX00001018,2025-12-07T08:04:09.091411,C100237,BEN8808,2314.02,High-Risk,100
TX00000772,2025-12-07T08:04:51.091411,C100233,BEN2697,948.37,High-Risk,100
TX00002201,2025-12-07T08:14:50.091411,C100147,BEN2665,1216.97,High-Risk,100
TX00003519,2025-12-07T08:17:30.091411,C100027,BEN9611,321.15,High-Risk,100
TX00002215,2025-12-07T08:20:00.091411,C100353,BEN5577,4165.38,High-Risk,100
TX00001026,2025-12-07T08:24:49.091411,C100215,BEN5607,1257.52,High-Risk,100
TX00000043,2025-12-07T08:26:52.091411,C100386,BEN5927,119.99,High-Risk,100
TX00000192,2025-12-07T08:27:18.091411,C100198,BEN4707,2055.34,High-Risk,100
TX00003959,2025-12-07T08:30:41.091411,C100087,BEN2708,1559.79,High-Risk,100
TX00002296,2025-12-07T08:31:24.091411,C100042,BEN9227,3003.76,High-Risk,100
TX00003023,2025-12-07T08:32:41.091411,C100056,BEN4588,117395.23,High-Risk,80
TX00003478,2025-12-07T08:35:13.091411,C100327,BEN9807,3896.25,High-Risk,100
TX00001563,2025-12-07T08:36:58.091411,C100320,BEN6607,627.79,High-Risk,100
TX00000014,2025-12-07T08:39:43.091411,C100254,BEN9507,577.38,High-Risk,100
TX00002147,2025-12-07T08:49:01.091411,C100297,BEN5449,394.46,High-Risk,100
TX00000293,2025-12-07T08:57:07.091411,C100057,BEN4428,321.78,High-Risk,100
TX00002040,2025-12-07T08:57:10.091411,C100317,BEN4197,3586.16,High-Risk,100
TX00002555,2025-12-07T08:59:23.091411,C100392,BEN7507,1448.67,High-Risk,100
TX00001241,2025-12-07T09:04:07.091411,C100317,BEN8658,457.6,High-Risk,100
TX00002872,2025-12-07T09:10:28.091411,C100017,BEN5495,2077.65,High-Risk,100
TX00002495,2025-12-07T09:20:13.091411,C100377,BEN3513,1711.62,High-Risk,100
TX00003996,2025-12-07T09:35:38.091411,C100287,BEN9412,9917.12,High-Risk,100
TX00003011,2025-12-07T09:37:42.091411,C100217,BEN9449,2687.94,High-Risk,100
TX00000127,2025-12-07T09:41:11.091411,C100107,BEN3173,113.95,High-Risk,100
TX00003835,2025-12-07T09:41:13.091411,C100141,BEN4927,95.64,High-Risk,100
TX00000696,2025-12-07T09:41:21.091411,C100352,BEN5417,3820.14,High-Risk,100
TX00003731,2025-12-07T09:41:39.091411,C100254,BEN3047,369.22,High-Risk,100
TX00003398,2025-12-07T09:44:39.091411,C100039,BEN3527,1667.85,High-Risk,100
TX00003100,2025-12-07T09:46:40.091411,C100127,BEN8448,1621.64,High-Risk,100
TX00000157,2025-12-07T09:49:24.091411,C100127,BEN2747,642.67,High-Risk,100
TX00001894,2025-12-07T09:55:36.091411,C100217,BEN7936,3560.78,High-Risk,100
TX00000492,2025-12-07T10:04:24.091411,C100399,BEN3117,1161.84,High-Risk,100
TX00003812,2025-12-07T10:04:26.091411,C100266,BEN8532,153726.74,High-Risk,80
TX00002275,2025-12-07T10:08:06.091411,C100257,BEN1303,3254.9,High-Risk,100
TX00003133,2025-12-07T10:11:06.091411,C100027,BEN1239,5737.62,STR,130
TX00001445,2025-12-07T10:19:17.091411,C100381,BEN8087,235.43,High-Risk,100
TX00001460,2025-12-07T10:39:57.091411,C100307,BEN3881,3873.37,High-Risk,100
TX00002238,2025-12-07T10:48:45.091411,C100387,BEN4387,2171.75,High-Risk,100
TX00001307,2025-12-07T10:48:54.091411,C100227,BEN2633,4608.07,High-Risk,100
TX00000490,2025-12-07T11:00:01.091411,C100057,BEN8326,971.91,STR,130
TX00000405,2025-12-07T11:01:47.091411,C100359,BEN1281,222895.95,High-Risk,80
TX00003322,2025-12-07T11:03:31.091411,C100137,BEN6724,1065.12,High-Risk,100
TX00001039,2025-12-07T11:14:46.091411,C100357,BEN2296,5695.98,High-Risk,100
TX00000887,2025-12-07T11:17:01.091411,C100277,BEN5859,36.17,High-Risk,100
TX00000279,2025-12-07T11:24:17.091411,C100010,BEN4747,5414.65,STR,130
TX00000635,2025-12-07T11:30:05.091411,C100327,BEN4085,305.13,High-Risk,100
TX00001633,2025-12-07T11:45:40.091411,C100205,BEN6491,142940.57,High-Risk,80
TX00000062,2025-12-07T11:56:29.091411,C100207,BEN8080,683.12,High-Risk,100
TX00000349,2025-12-07T11:58:58.091411,C100257,BEN3032,1408.88,High-Risk,100
TX00000262,2025-12-07T12:00:55.091411,C100217,BEN5472,1560.99,High-Risk,100
TX00001314,2025-12-07T12:29:04.091411,C100167,BEN5156,1879.09,High-Risk,100
TX00001109,2025-12-07T12:34:18.091411,C100142,BEN3097,3972.85,High-Risk,100
TX00002002,2025-12-07T12:35:46.091411,C100364,BEN1447,1602.64,High-Risk,100
TX00001897,2025-12-07T12:52:35.091411,C100059,BEN2947,1003.6,High-Risk,100
TX00000533,2025-12-07T12:53:19.091411,C100236,BEN1529,188690.53,High-Risk,80
TX00000352,2025-12-07T12:53:35.091411,C100217,BEN8344,405.71,High-Risk,100
TX00000371,2025-12-07T12:53:55.091411,C100017,BEN3826,698.41,High-Risk,100
TX00001032,2025-12-07T12:55:29.091411,C100027,BEN9827,1923.51,High-Risk,100
TX00002839,2025-12-07T13:06:23.091411,C100061,BEN5577,4500.41,High-Risk,100
TX00002410,2025-12-07T13:08:53.091411,C100361,BEN9667,1986.89,High-Risk,100
TX00002550,2025-12-07T13:12:11.091411,C100099,BEN8447,1950.12,High-Risk,100
TX00000611,2025-12-07T13:19:54.091411,C100176,BEN5123,187963.63,High-Risk,80
TX00002066,2025-12-07T13:20:38.091411,C100357,BEN8906,6725.13,High-Risk,100
TX00001931,2025-12-07T13:33:58.091411,C100003,BEN7607,12820.95,High-Risk,100
TX00001721,2025-12-07T13:35:29.091411,C100027,BEN9514,3565.16,High-Risk,100
TX00003936,2025-12-07T13:44:34.091411,C100097,BEN6864,4741.89,High-Risk,100
TX00000669,2025-12-07T13:49:09.091411,C100054,BEN4587,7978.12,High-Risk,100
TX00001112,2025-12-07T14:11:17.091411,C100047,BEN9971,1610.83,High-Risk,100
TX00002746,2025-12-07T14:11:56.091411,C100117,BEN4136,1144.14,High-Risk,100
TX00002230,2025-12-07T14:13:38.091411,C100057,BEN7911,1706.2,High-Risk,100
TX00000156,2025-12-07T14:14:05.091411,C100127,BEN6603,3367.78,High-Risk,100
TX00001365,2025-12-07T14:15:03.091411,C100062,BEN7697,407.11,High-Risk,100
TX00001318,2025-12-07T14:17:47.091411,C100297,BEN9189,11717.26,High-Risk,100
TX00002294,2025-12-07T14:19:04.091411,C100397,BEN1978,1108.73,High-Risk,100
TX00003092,2025-12-07T14:31:38.091411,C100348,BEN1647,2866.53,High-Risk,100
TX00000818,2025-12-07T14:37:20.091411,C100047,BEN5900,1703.76,High-Risk,100
TX00000697,2025-12-07T14:51:03.091411,C100337,BEN1332,687.78,High-Risk,100
TX00002971,2025-12-07T15:00:22.091411,C100087,BEN3553,1576.61,High-Risk,100
TX00002986,2025-12-07T15:01:27.091411,C100297,BEN9155,1136.8,High-Risk,100
TX00002465,2025-12-07T15:02:33.091411,C100300,BEN7877,683.14,High-Risk,100
TX00001527,2025-12-07T15:14:26.091411,C100357,BEN1507,6599.73,High-Risk,100
TX00001483,2025-12-07T15:16:19.091411,C100037,BEN2979,1474.12,High-Risk,100
TX00001240,2025-12-07T15:24:42.091411,C100125,BEN6040,182360.77,STR,150
TX00002142,2025-12-07T15:28:47.091411,C100377,BEN8136,769.96,STR,130
TX00002997,2025-12-07T15:34:03.091411,C100147,BEN2248,2726.31,High-Risk,100
TX00000450,2025-12-07T15:41:06.091411,C100257,BEN2409,2357.01,High-Risk,100
TX00003113,2025-12-07T15:46:12.091411,C100227,BEN4535,4614.19,High-Risk,100
TX00002352,2025-12-07T15:47:23.091411,C100367,BEN1695,3161.65,High-Risk,100
TX00000484,2025-12-07T15:49:48.091411,C100165,BEN1687,4469.35,High-Risk,100
TX00001392,2025-12-07T16:13:11.091411,C100278,BEN3191,353028.35,High-Risk,80
TX00003790,2025-12-07T16:13:40.091411,C100291,BEN2457,1816.07,High-Risk,100
TX00000491,2025-12-07T16:14:35.091411,C100137,BEN6295,2252.49,High-Risk,100
TX00001921,2025-12-07T16:35:36.091411,C100250,BEN2397,3173.28,High-Risk,100
TX00000990,2025-12-07T16:38:57.091411,C100037,BEN8520,2561.34,High-Risk,100
TX00001706,2025-12-07T16:39:44.091411,C100383,BEN8627,178.63,High-Risk,100
TX00001900,2025-12-07T16:40:10.091411,C100329,BEN7667,106.45,High-Risk,100
TX00001882,2025-12-07T16:45:39.091411,C100248,BEN6977,121.9,STR,130
TX00000851,2025-12-07T16:47:49.091411,C100193,BEN3607,1496.32,High-Risk,100
TX00001441,2025-12-07T16:52:04.091411,C100123,BEN3887,535.86,High-Risk,100
TX00000290,2025-12-07T16:56:00.091411,C100127,BEN2253,176.13,High-Risk,100
TX00000882,2025-12-07T17:17:36.091411,C100313,BEN5007,2012.28,High-Risk,100
TX00003507,2025-12-07T17:20:12.091411,C100111,BEN1927,367.81,High-Risk,100
TX00003396,2025-12-07T17:25:12.091411,C100130,BEN2826,131033.33,High-Risk,80
TX00002198,2025-12-07T17:25:21.091411,C100372,BEN4097,563.86,High-Risk,100
TX00003288,2025-12-07T17:27:21.091411,C100267,BEN2928,1852.76,High-Risk,100
TX00003022,2025-12-07T17:30:33.091411,C100227,BEN4754,7417.91,High-Risk,100
TX00001041,2025-12-07T17:39:42.091411,C100290,BEN1827,12414.39,High-Risk,100
TX00001469,2025-12-07T18:05:43.091411,C100057,BEN7894,1018.93,High-Risk,100
TX00003544,2025-12-07T18:19:37.091411,C100387,BEN6227,1406.79,High-Risk,100
TX00002417,2025-12-07T18:23:06.091411,C100147,BEN4183,3370.14,High-Risk,100
TX00002760,2025-12-07T18:28:29.091411,C100097,BEN4876,10625.63,STR,170
TX00000126,2025-12-07T18:29:39.091411,C100258,BEN5067,4442.69,High-Risk,100
TX00001971,2025-12-07T18:38:04.091411,C100067,BEN5376,2833.62,High-Risk,100
TX00002847,2025-12-07T18:41:57.091411,C100149,BEN7777,2288.72,High-Risk,100
TX00001393,2025-12-07T18:48:53.091411,C100033,BEN2497,560.94,High-Risk,100
TX00000924,2025-12-07T18:48:56.091411,C100087,BEN6120,685.75,High-Risk,100
TX00000286,2025-12-07T18:59:25.091411,C100013,BEN2737,1574.59,High-Risk,100
TX00000350,2025-12-07T18:59:34.091411,C100068,BEN7797,3892.7,High-Risk,100
TX00002398,2025-12-07T19:06:10.091411,C100057,BEN1512,2226.91,High-Risk,100
TX00002144,2025-12-07T19:18:48.091411,C100037,BEN8589,886.39,High-Risk,100
TX00001490,2025-12-07T19:22:05.091411,C100391,BEN8167,1575.43,High-Risk,100
TX00001037,2025-12-07T19:22:48.091411,C100267,BEN2330,4654.12,High-Risk,100
TX00002433,2025-12-07T19:25:42.091411,C100337,BEN4377,1442.37,High-Risk,100
TX00003141,2025-12-07T19:35:53.091411,C100119,BEN7407,1146.2,High-Risk,100
TX00003451,2025-12-07T19:41:53.091411,C100097,BEN4543,886.78,High-Risk,100
TX00001878,2025-12-07T19:42:04.091411,C100277,BEN1172,3073.03,High-Risk,100
TX00003919,2025-12-07T19:42:08.091411,C100377,BEN6414,1103.9,High-Risk,100
TX00001569,2025-12-07T19:42:47.091411,C100007,BEN5615,2475.84,High-Risk,100
TX00000305,2025-12-07T19:44:31.091411,C100120,BEN9737,2452.58,High-Risk,100
TX00002428,2025-12-07T19:47:41.091411,C100117,BEN8794,1853.2,High-Risk,100
TX00003668,2025-12-07T19:49:55.091411,C100107,BEN8795,3819.19,High-Risk,100
TX00000255,2025-12-07T19:50:21.091411,C100083,BEN4087,5552.59,High-Risk,100
TX00001325,2025-12-07T20:04:51.091411,C100124,BEN7267,605.96,High-Risk,100
TX00002904,2025-12-07T20:20:42.091411,C100377,BEN2075,866.21,High-Risk,100
TX00003381,2025-12-07T20:24:36.091411,C100142,BEN2247,850.2,High-Risk,100
TX00003956,2025-12-07T20:25:04.091411,C100027,BEN3400,1267.18,High-Risk,100
TX00003803,2025-12-07T20:30:45.091411,C100382,BEN3197,1566.75,High-Risk,100
TX00002293,2025-12-07T20:31:54.091411,C100379,BEN2377,2095.77,High-Risk,100
TX00003012,2025-12-07T20:31:57.091411,C100197,BEN6372,2488.54,High-Risk,100
TX00001940,2025-12-07T20:33:06.091411,C100247,BEN9693,1018.47,High-Risk,100
TX00002727,2025-12-07T20:37:18.091411,C100041,BEN3727,1369.71,High-Risk,100
TX00002145,2025-12-07T20:38:26.091411,C100039,BEN8057,2818.81,High-Risk,100
TX00000467,2025-12-07T20:40:29.091411,C100099,BEN2507,98.24,High-Risk,100
TX00000422,2025-12-07T20:42:20.091411,C100277,BEN3880,4473.24,High-Risk,100
TX00000871,2025-12-07T20:49:00.091411,C100207,BEN6530,89.81,High-Risk,100
TX00002755,2025-12-07T20:52:12.091411,C100031,BEN2907,3895.35,High-Risk,100
TX00002884,2025-12-07T20:53:04.091411,C100097,BEN1027,3175.62,High-Risk,100
TX00001970,2025-12-07T20:56:25.091411,C100230,BEN1907,790.87,High-Risk,100
TX00003861,2025-12-07T20:58:04.091411,C100175,BEN3521,229338.87,High-Risk,80
TX00000746,2025-12-07T21:02:59.091411,C100091,BEN7397,2524.83,High-Risk,100
TX00001434,2025-12-07T21:03:06.091411,C100295,BEN1857,2923.87,High-Risk,100
TX00000376,2025-12-07T21:12:16.091411,C100142,BEN5177,1047.09,High-Risk,100
TX00000187,2025-12-07T21:17:19.091411,C100055,BEN7237,2008.56,High-Risk,100
TX00001758,2025-12-07T21:39:11.091411,C100347,BEN9520,1161.09,High-Risk,100
TX00000873,2025-12-07T21:39:50.091411,C100197,BEN1737,3318.04,High-Risk,100
TX00002375,2025-12-07T21:40:07.091411,C100300,BEN6477,1332.86,High-Risk,100
TX00001182,2025-12-07T21:45:23.091411,C100077,BEN7223,4204.23,High-Risk,100
TX00000672,2025-12-07T21:45:55.091411,C100347,BEN2433,696.55,High-Risk,100
TX00003185,2025-12-07T21:57:54.091411,C100273,BEN7427,3036.95,High-Risk,100
TX00003163,2025-12-07T21:58:53.091411,C100117,BEN7496,6164.54,High-Risk,100
TX00002903,2025-12-07T22:08:17.091411,C100334,BEN9947,3471.07,High-Risk,100
TX00002443,2025-12-07T22:10:46.091411,C100177,BEN5172,1340.8,High-Risk,100
TX00003742,2025-12-07T22:11:19.091411,C100278,BEN7677,5573.16,High-Risk,100
TX00002975,2025-12-07T22:17:57.091411,C100332,BEN4797,5230.77,High-Risk,100
TX00002944,2025-12-07T22:30:34.091411,C100071,BEN5187,101.03,High-Risk,100
TX00002386,2025-12-07T22:38:58.091411,C100162,BEN1407,1302.93,High-Risk,100
TX00002998,2025-12-07T22:45:33.091411,C100159,BEN1938,214023.14,STR,150
TX00003924,2025-12-07T22:47:39.091411,C100367,BEN4519,1850.55,High-Risk,100
TX00001884,2025-12-07T22:58:59.091411,C100037,BEN9983,1452.5,High-Risk,100
TX00002541,2025-12-07T23:11:42.091411,C100305,BEN2458,272323.89,High-Risk,80
TX00001107,2025-12-07T23:12:35.091411,C100357,BEN4332,5391.92,High-Risk,100
TX00001738,2025-12-07T23:16:03.091411,C100147,BEN8244,2338.29,High-Risk,100
TX00002933,2025-12-07T23:20:07.091411,C100147,BEN1772,4883.36,High-Risk,100
TX00001622,2025-12-07T23:31:49.091411,C100206,BEN9887,5334.62,High-Risk,100
TX00001774,2025-12-07T23:41:36.091411,C100117,BEN3870,3280.29,High-Risk,100
TX00002753,2025-12-07T23:44:05.091411,C100219,BEN8347,7997.0,High-Risk,100
TX00000493,2025-12-07T23:51:34.091411,C100367,BEN6431,7379.92,High-Risk,100
TX00003509,2025-12-07T23:52:09.091411,C100313,BEN3157,4009.91,High-Risk,100
TX00001406,2025-12-07T23:53:19.091411,C100356,BEN1066,273878.92,High-Risk,80
TX00001711,2025-12-08T00:07:48.091411,C100220,BEN4636,1231.3,Medium,50
TX00001823,2025-12-08T00:17:31.091411,C100277,BEN1838,6732.07,STR,120
TX00001636,2025-12-08T00:23:08.091411,C100082,BEN6477,5537.9,STR,150
TX00002686,2025-12-08T00:25:11.091411,C100144,BEN3167,722.78,High-Risk,100
TX00000562,2025-12-08T00:35:50.091411,C100231,BEN9943,1356.21,Medium,50
TX00003055,2025-12-08T00:36:22.091411,C100047,BEN1985,2748.98,STR,120
TX00002762,2025-12-08T00:42:47.091411,C100277,BEN2324,8441.82,STR,120
TX00001218,2025-12-08T00:46:27.091411,C100350,BEN2127,622.61,High-Risk,100
TX00002102,2025-12-08T00:50:45.091411,C100207,BEN5350,372.94,High-Risk,100
TX00000971,2025-12-08T00:54:05.091411,C100273,BEN3067,325.44,High-Risk,100
TX00001828,2025-12-08T00:56:07.091411,C100023,BEN7927,2085.85,STR,120
TX00000301,2025-12-08T01:09:42.091411,C100209,BEN6927,2555.82,STR,120
TX00000099,2025-12-08T01:12:14.091411,C100387,BEN7342,1063.87,STR,120
TX00002080,2025-12-08T01:14:30.091411,C100111,BEN6637,861.82,High-Risk,100
TX00001869,2025-12-08T01:17:31.091411,C100383,BEN7207,218.9,High-Risk,100
TX00001685,2025-12-08T01:28:24.091411,C100280,BEN2617,1207.89,STR,120
TX00003068,2025-12-08T01:32:56.091411,C100133,BEN9677,2809.71,STR,120
TX00002622,2025-12-08T01:40:43.091411,C100147,BEN6083,929.97,High-Risk,100
TX00000327,2025-12-08T01:47:30.091411,C100176,BEN4297,1138.08,STR,120
TX00003441,2025-12-08T01:48:26.091411,C100077,BEN8099,6984.3,STR,120
TX00000775,2025-12-08T01:49:15.091411,C100063,BEN9107,1801.22,STR,120
TX00003235,2025-12-08T01:56:46.091411,C100339,BEN5592,2480.02,Medium,50
TX00002170,2025-12-08T01:57:45.091411,C100237,BEN9040,1195.0,STR,120
TX00001356,2025-12-08T02:00:17.091411,C100155,BEN6987,409.29,High-Risk,100
TX00002004,2025-12-08T02:02:19.091411,C100134,BEN1782,63346.34,High-Risk,90
TX00001390,2025-12-08T02:03:23.091411,C100075,BEN8586,1787.31,Medium,50
TX00000519,2025-12-08T02:03:27.091411,C100077,BEN8875,4144.38,STR,120
TX00000118,2025-12-08T02:04:42.091411,C100378,BEN3267,231434.1,STR,200
TX00003034,2025-12-08T02:13:25.091411,C100027,BEN5747,6715.69,STR,120
TX00001936,2025-12-08T02:22:50.091411,C100017,BEN4492,3180.31,STR,120
TX00002980,2025-12-08T02:23:59.091411,C100252,BEN2937,1678.32,STR,120
TX00003726,2025-12-08T02:24:41.091411,C100007,BEN8129,689.2,High-Risk,100
TX00003226,2025-12-08T02:28:08.091411,C100017,BEN9061,4530.48,STR,120
TX00001454,2025-12-08T02:28:43.091411,C100337,BEN5846,3182.25,STR,120
TX00002394,2025-12-08T02:29:30.091411,C100307,BEN2826,992.0,STR,130
TX00001688,2025-12-08T02:30:02.091411,C100351,BEN8847,496.79,High-Risk,100
TX00001865,2025-12-08T02:31:01.091411,C100237,BEN9154,518.75,High-Risk,100
TX00002811,2025-12-08T02:33:45.091411,C100287,BEN1315,1046.67,STR,120
TX00002856,2025-12-08T02:35:50.091411,C100042,BEN8749,1553.27,Medium,50
TX00003504,2025-12-08T02:37:20.091411,C100101,BEN5287,1129.22,STR,120
TX00003781,2025-12-08T02:40:05.091411,C100107,BEN2068,3937.35,STR,120
TX00002486,2025-12-08T02:45:35.091411,C100306,BEN8067,1438.47,STR,120
TX00003553,2025-12-08T02:56:28.091411,C100297,BEN4459,369.35,High-Risk,100
TX00002463,2025-12-08T03:05:08.091411,C100063,BEN7447,2777.02,STR,120
TX00003461,2025-12-08T03:06:24.091411,C100097,BEN8274,4075.5,STR,120
TX00002128,2025-12-08T03:14:53.091411,C100357,BEN1861,3597.15,STR,120
TX00000074,2025-12-08T03:16:18.091411,C100111,BEN3017,3389.79,STR,120
TX00003913,2025-12-08T03:18:13.091411,C100364,BEN3047,8353.16,STR,120
TX00003743,2025-12-08T03:19:48.091411,C100368,BEN7657,1070.05,STR,120
TX00003669,2025-12-08T03:22:14.091411,C100340,BEN8250,6881.03,Medium,50
TX00002434,2025-12-08T03:27:19.091411,C100179,BEN6977,1077.59,STR,120
TX00003500,2025-12-08T03:38:36.091411,C100387,BEN5854,287.79,High-Risk,100
TX00000787,2025-12-08T03:43:22.091411,C100075,BEN1367,2395.74,STR,120
TX00002133,2025-12-08T03:44:29.091411,C100279,BEN1507,2196.95,STR,120
TX00001343,2025-12-08T03:56:36.091411,C100257,BEN1860,748.22,High-Risk,100
TX00003082,2025-12-08T03:57:21.091411,C100231,BEN2687,4208.8,STR,120
TX00003575,2025-12-08T03:59:17.091411,C100237,BEN8419,2193.81,STR,150
TX00002497,2025-12-08T04:07:28.091411,C100317,BEN2746,3363.75,STR,150
TX00000893,2025-12-08T04:08:00.091411,C100367,BEN3169,1144.37,STR,120
TX00001499,2025-12-08T04:23:24.091411,C100114,BEN2533,2585.27,Medium,50
TX00000230,2025-12-08T04:26:09.091411,C100347,BEN4817,2396.87,STR,120
TX00000002,2025-12-08T04:40:53.091411,C100231,BEN2257,6120.24,STR,120
TX00001640,2025-12-08T04:51:51.091411,C100066,BEN2257,1685.53,STR,120
TX00002172,2025-12-08T04:54:57.091411,C100201,BEN5196,4048.51,Medium,50
TX00003307,2025-12-08T05:08:48.091411,C100017,BEN3657,2011.47,STR,120
TX00003984,2025-12-08T05:09:11.091411,C100379,BEN5157,3598.14,STR,120
TX00003380,2025-12-08T05:17:46.091411,C100266,BEN3817,1720.25,STR,120
TX00003991,2025-12-08T05:17:46.091411,C100237,BEN1733,2235.04,STR,120
TX00002033,2025-12-08T05:27:39.091411,C100232,BEN8877,2605.21,STR,120
TX00003741,2025-12-08T05:27:48.091411,C100119,BEN9276,2150.23,Medium,50
TX00001881,2025-12-08T05:31:06.091411,C100066,BEN7997,2872.51,STR,120
TX00001625,2025-12-08T05:34:49.091411,C100197,BEN4242,1521.93,STR,120
TX00001110,2025-12-08T05:35:58.091411,C100231,BEN5987,3416.37,STR,120
TX00002732,2025-12-08T05:45:47.091411,C100327,BEN1780,1015.74,STR,120
TX00001782,2025-12-08T05:46:23.091411,C100219,BEN1285,3175.07,Medium,50
TX00002851,2025-12-08T05:49:01.091411,C100224,BEN6787,474.06,High-Risk,100
TX00003286,2025-12-08T05:57:11.091411,C100249,BEN4487,237.55,High-Risk,100
TX00000120,2025-12-08T06:14:06.091411,C100249,BEN2037,5028.49,High-Risk,100
TX00002326,2025-12-08T06:19:45.091411,C100091,BEN6167,4940.3,High-Risk,100
TX00001643,2025-12-08T06:20:08.091411,C100163,BEN2737,6036.31,High-Risk,100
TX00002005,2025-12-08T06:21:15.091411,C100157,BEN9214,642.85,High-Risk,100
TX00002645,2025-12-08T06:23:06.091411,C100277,BEN5546,4518.46,High-Risk,100
TX00003744,2025-12-08T06:24:54.091411,C100109,BEN9737,891.41,High-Risk,100
TX00000417,2025-12-08T06:28:09.091411,C100108,BEN8447,691.27,High-Risk,100
TX00001348,2025-12-08T06:28:14.091411,C100394,BEN5087,2996.96,High-Risk,100
TX00003085,2025-12-08T06:30:47.091411,C100376,BEN3997,1571.04,High-Risk,100
TX00003581,2025-12-08T06:34:46.091411,C100297,BEN8720,1727.4,High-Risk,100
TX00001543,2025-12-08T06:36:06.091411,C100187,BEN7965,972.12,High-Risk,100
TX00002154,2025-12-08T06:38:43.091411,C100355,BEN6597,1537.56,High-Risk,100
TX00002320,2025-12-08T06:44:09.091411,C100207,BEN5232,2708.69,High-Risk,100
TX00000341,2025-12-08T06:48:31.091411,C100235,BEN5717,390.39,High-Risk,100
TX00000624,2025-12-08T06:54:04.091411,C100012,BEN1657,2019.06,High-Risk,100
TX00001435,2025-12-08T07:07:40.091411,C100339,BEN6437,4073.67,High-Risk,100
TX00002101,2025-12-08T07:07:40.091411,C100217,BEN3678,3013.92,High-Risk,100
TX00002499,2025-12-08T07:11:47.091411,C100217,BEN6770,1473.23,High-Risk,100
TX00003522,2025-12-08T07:11:52.091411,C100207,BEN9264,1838.21,High-Risk,100
TX00001787,2025-12-08T07:18:28.091411,C100034,BEN1217,2215.7,High-Risk,100
TX00003631,2025-12-08T07:19:02.091411,C100242,BEN9787,3664.94,High-Risk,100
TX00002620,2025-12-08T07:19:45.091411,C100159,BEN2087,1323.87,High-Risk,100
TX00002801,2025-12-08T07:31:45.091411,C100143,BEN7527,2311.28,High-Risk,100
TX00003431,2025-12-08T07:37:25.091411,C100005,BEN4517,2214.57,High-Risk,100
TX00000239,2025-12-08T07:46:27.091411,C100017,BEN2605,6142.17,High-Risk,100
TX00001755,2025-12-08T07:48:08.091411,C100191,BEN5937,3102.02,High-Risk,100
TX00000977,2025-12-08T07:50:54.091411,C100197,BEN2023,575.79,High-Risk,100
TX00003192,2025-12-08T07:52:19.091411,C100221,BEN1257,4930.17,High-Risk,100
TX00003590,2025-12-08T08:01:52.091411,C100087,BEN2944,621.01,High-Risk,100
TX00002754,2025-12-08T08:03:33.091411,C100367,BEN6053,3651.45,High-Risk,100
TX00002194,2025-12-08T08:06:08.091411,C100146,BEN2937,248.87,High-Risk,100
TX00002891,2025-12-08T08:11:31.091411,C100159,BEN9827,3404.13,High-Risk,100
TX00002640,2025-12-08T08:15:29.091411,C100393,BEN1435,247191.61,STR,150
TX00002118,2025-12-08T08:25:05.091411,C100357,BEN3722,854.78,High-Risk,100
TX00003278,2025-12-08T08:28:08.091411,C100244,BEN8997,1016.8,High-Risk,100
TX00001526,2025-12-08T08:33:43.091411,C100139,BEN4767,1092.94,High-Risk,100
TX00000227,2025-12-08T08:35:14.091411,C100362,BEN7617,4952.11,High-Risk,100
TX00001336,2025-12-08T08:42:52.091411,C100279,BEN8697,1738.7,High-Risk,100
TX00003496,2025-12-08T08:45:28.091411,C100237,BEN1669,4201.88,High-Risk,100
TX00001337,2025-12-08T08:50:34.091411,C100253,BEN2807,1654.7,High-Risk,100
TX00001786,2025-12-08T08:51:16.091411,C100259,BEN4797,3080.23,High-Risk,100
TX00002259,2025-12-08T08:56:39.091411,C100127,BEN8840,1301.7,High-Risk,100
TX00000646,2025-12-08T09:00:54.091411,C100147,BEN1506,282.97,High-Risk,100
TX00003876,2025-12-08T09:03:01.091411,C100170,BEN6067,2005.57,High-Risk,100
TX00003390,2025-12-08T09:06:20.091411,C100027,BEN8774,2932.68,High-Risk,100
TX00000166,2025-12-08T09:10:31.091411,C100327,BEN8891,512.86,High-Risk,100
TX00001425,2025-12-08T09:11:33.091411,C100097,BEN5300,2283.16,High-Risk,100
TX00003823,2025-12-08T09:16:15.091411,C100003,BEN7237,1935.08,High-Risk,100
TX00002304,2025-12-08T09:21:59.091411,C100086,BEN5847,604.98,High-Risk,100
TX00003920,2025-12-08T09:24:49.091411,C100257,BEN5075,130.38,High-Risk,100
TX00003547,2025-12-08T09:30:43.091411,C100227,BEN1207,906.97,High-Risk,100
TX00002831,2025-12-08T09:41:22.091411,C100302,BEN9467,4531.36,High-Risk,100
TX00000680,2025-12-08T09:42:21.091411,C100117,BEN1036,914.16,High-Risk,100
TX00000527,2025-12-08T09:48:53.091411,C100357,BEN1528,11889.75,High-Risk,100
TX00002141,2025-12-08T09:59:21.091411,C100157,BEN3958,2511.02,High-Risk,100
TX00003438,2025-12-08T10:02:19.091411,C100317,BEN8086,2415.54,High-Risk,100
TX00001282,2025-12-08T10:07:35.091411,C100000,BEN3527,230.9,High-Risk,100
TX00001909,2025-12-08T10:27:53.091411,C100257,BEN9611,2734.92,High-Risk,100
TX00000747,2025-12-08T10:31:25.091411,C100076,BEN9287,5486.61,High-Risk,100
TX00003771,2025-12-08T10:32:25.091411,C100327,BEN5576,203.32,High-Risk,100
TX00001901,2025-12-08T10:39:06.091411,C100377,BEN2711,1983.01,High-Risk,100
TX00002016,2025-12-08T10:48:42.091411,C100397,BEN3568,1077.94,High-Risk,100
TX00000082,2025-12-08T10:51:27.091411,C100389,BEN7718,202082.58,High-Risk,80
TX00001714,2025-12-08T10:52:42.091411,C100024,BEN9227,2110.54,STR,130
TX00000186,2025-12-08T11:01:14.091411,C100247,BEN1301,1670.26,High-Risk,100
TX00003788,2025-12-08T11:07:58.091411,C100028,BEN7097,676.98,High-Risk,100
TX00002180,2025-12-08T11:13:57.091411,C100261,BEN6442,42135.05,Medium,70
TX00001792,2025-12-08T11:18:09.091411,C100310,BEN1967,2901.01,High-Risk,100
TX00002967,2025-12-08T11:20:54.091411,C100311,BEN1507,695.11,High-Risk,100
TX00001973,2025-12-08T11:29:44.091411,C100297,BEN7985,6325.27,STR,130
TX00002110,2025-12-08T11:42:36.091411,C100038,BEN4037,4469.25,High-Risk,100
TX00002954,2025-12-08T11:43:11.091411,C100387,BEN5311,6834.63,High-Risk,100
TX00000409,2025-12-08T11:47:05.091411,C100309,BEN7637,2498.46,High-Risk,100
TX00000869,2025-12-08T11:51:08.091411,C100323,BEN9077,535.52,STR,130
TX00001485,2025-12-08T11:52:24.091411,C100061,BEN6477,151.95,High-Risk,100
TX00000155,2025-12-08T12:04:01.091411,C100247,BEN8517,2330.31,High-Risk,100
TX00000150,2025-12-08T12:10:34.091411,C100187,BEN7770,1047.72,High-Risk,100
TX00000973,2025-12-08T12:14:45.091411,C100247,BEN6131,2655.29,STR,130
TX00000648,2025-12-08T12:16:27.091411,C100097,BEN6488,1002.23,High-Risk,100
TX00003270,2025-12-08T12:22:54.091411,C100128,BEN6468,186463.76,High-Risk,80
TX00003921,2025-12-08T12:25:17.091411,C100287,BEN4980,2206.4,High-Risk,100
TX00000217,2025-12-08T12:25:47.091411,C100247,BEN2311,2107.55,High-Risk,100
TX00003189,2025-12-08T12:26:04.091411,C100007,BEN4189,224.51,High-Risk,100
TX00002600,2025-12-08T12:44:57.091411,C100007,BEN6651,1080.9,High-Risk,100
TX00001719,2025-12-08T12:57:00.091411,C100357,BEN2723,926.97,High-Risk,100
TX00001147,2025-12-08T12:58:48.091411,C100007,BEN6643,3595.29,High-Risk,100
TX00002697,2025-12-08T13:02:43.091411,C100102,BEN9717,1135.9,STR,130
TX00001947,2025-12-08T13:03:27.091411,C100142,BEN2697,148.98,STR,130
TX00000311,2025-12-08T13:03:49.091411,C100387,BEN8796,1051.36,High-Risk,100
TX00003949,2025-12-08T13:07:44.091411,C100287,BEN3909,1823.33,High-Risk,100
TX00002487,2025-12-08T13:08:24.091411,C100307,BEN5512,2970.17,High-Risk,100
TX00003838,2025-12-08T13:15:08.091411,C100077,BEN2075,4329.4,High-Risk,100
TX00000933,2025-12-08T13:29:57.091411,C100189,BEN7077,1462.41,High-Risk,100
TX00003388,2025-12-08T13:32:11.091411,C100337,BEN8569,579.43,High-Risk,100
TX00002430,2025-12-08T13:34:50.091411,C100149,BEN9327,399.78,High-Risk,100
TX00003785,2025-12-08T13:35:38.091411,C100157,BEN4220,3776.85,High-Risk,100
TX00002095,2025-12-08T13:39:35.091411,C100216,BEN2787,3355.24,High-Risk,100
TX00003957,2025-12-08T13:40:04.091411,C100098,BEN2677,1314.14,High-Risk,100
TX00002330,2025-12-08T13:40:43.091411,C100226,BEN7197,306.94,High-Risk,100
TX00003658,2025-12-08T13:45:53.091411,C100229,BEN6557,584.26,High-Risk,100
TX00001400,2025-12-08T13:50:35.091411,C100009,BEN6877,270.47,STR,130
TX00000897,2025-12-08T13:51:26.091411,C100317,BEN6215,700.65,High-Risk,100
TX00002125,2025-12-08T13:56:05.091411,C100222,BEN9957,1316.56,High-Risk,100
TX00003266,2025-12-08T14:01:02.091411,C100047,BEN4761,3357.39,High-Risk,100
TX00000744,2025-12-08T14:04:00.091411,C100273,BEN9877,3260.0,High-Risk,100
TX00003420,2025-12-08T14:05:45.091411,C100131,BEN8237,466.3,High-Risk,100
TX00000579,2025-12-08T14:05:53.091411,C100223,BEN8347,207.79,High-Risk,100
TX00002694,2025-12-08T14:06:35.091411,C100009,BEN6967,1274.96,High-Risk,100
TX00003464,2025-12-08T14:08:59.091411,C100205,BEN6167,2684.45,High-Risk,100
TX00003784,2025-12-08T14:11:32.091411,C100207,BEN7681,1900.59,High-Risk,100
TX00001464,2025-12-08T14:11:52.091411,C100188,BEN9507,756.14,High-Risk,100
TX00000497,2025-12-08T14:16:08.091411,C100127,BEN8758,1240.76,High-Risk,100
TX00001387,2025-12-08T14:17:59.091411,C100345,BEN7367,84.72,High-Risk,100
TX00001804,2025-12-08T14:36:08.091411,C100333,BEN4497,3480.06,High-Risk,100
TX00002475,2025-12-08T15:00:48.091411,C100267,BEN7617,2704.42,High-Risk,100
TX00003678,2025-12-08T15:03:13.091411,C100277,BEN7105,1959.37,High-Risk,100
TX00003695,2025-12-08T15:05:23.091411,C100377,BEN8778,1283.76,High-Risk,100
TX00002930,2025-12-08T15:12:32.091411,C100077,BEN1022,857.28,High-Risk,100
TX00003302,2025-12-08T15:21:20.091411,C100162,BEN8327,3843.56,High-Risk,100
TX00001213,2025-12-08T15:27:01.091411,C100032,BEN1397,1113.65,High-Risk,100
TX00002983,2025-12-08T15:41:52.091411,C100334,BEN6637,2441.98,High-Risk,100
TX00000201,2025-12-08T15:47:22.091411,C100288,BEN3947,852.59,High-Risk,100
TX00002022,2025-12-08T15:48:06.091411,C100357,BEN6618,2666.14,High-Risk,100
TX00001279,2025-12-08T15:52:13.091411,C100007,BEN2986,3234.75,High-Risk,100
TX00001680,2025-12-08T15:57:10.091411,C100347,BEN8228,2094.93,High-Risk,100
TX00002064,2025-12-08T15:59:13.091411,C100337,BEN5558,1057.43,High-Risk,100
TX00003922,2025-12-08T16:05:13.091411,C100144,BEN1377,1498.11,High-Risk,100
TX00000947,2025-12-08T16:24:04.091411,C100057,BEN7867,463.72,STR,130
TX00001173,2025-12-08T16:31:49.091411,C100327,BEN6206,2828.77,High-Risk,100
TX00000699,2025-12-08T16:32:30.091411,C100100,BEN6507,2956.13,High-Risk,100
TX00001442,2025-12-08T16:36:32.091411,C100039,BEN4047,2161.07,High-Risk,100
TX00000429,2025-12-08T16:37:08.091411,C100039,BEN6137,675.71,High-Risk,100
TX00002708,2025-12-08T16:37:53.091411,C100067,BEN3855,1582.64,High-Risk,100
TX00002092,2025-12-08T16:52:27.091411,C100047,BEN9531,2910.57,High-Risk,100
TX00002068,2025-12-08T16:56:10.091411,C100327,BEN4564,2481.86,High-Risk,100
TX00000565,2025-12-08T17:14:51.091411,C100316,BEN7947,1060.16,High-Risk,100
TX00000488,2025-12-08T17:15:39.091411,C100321,BEN4607,466.81,High-Risk,100
TX00002607,2025-12-08T17:19:56.091411,C100337,BEN2967,6865.59,High-Risk,100
TX00003368,2025-12-08T17:20:18.091411,C100337,BEN4924,1790.95,High-Risk,100
TX00001732,2025-12-08T17:22:42.091411,C100301,BEN9587,534.66,High-Risk,100
TX00001011,2025-12-08T17:24:35.091411,C100257,BEN9690,5874.35,High-Risk,100
TX00002169,2025-12-08T17:34:54.091411,C100267,BEN4355,285.29,High-Risk,100
TX00002516,2025-12-08T17:44:05.091411,C100397,BEN5936,2001.79,High-Risk,100
TX00003430,2025-12-08T17:52:35.091411,C100287,BEN5228,3442.5,High-Risk,100
TX00001100,2025-12-08T17:55:54.091411,C100047,BEN4647,2539.95,High-Risk,100
TX00002657,2025-12-08T18:04:41.091411,C100222,BEN5457,275.62,High-Risk,100
TX00000902,2025-12-08T18:04:50.091411,C100209,BEN3947,2053.27,High-Risk,100
TX00000088,2025-12-08T18:11:30.091411,C100151,BEN2437,2278.13,High-Risk,100
TX00003820,2025-12-08T18:23:26.091411,C100317,BEN8669,3637.25,STR,130
TX00003433,2025-12-08T18:25:43.091411,C100077,BEN9747,4132.52,High-Risk,100
TX00003245,2025-12-08T18:27:10.091411,C100199,BEN8187,1811.82,High-Risk,100
TX00003890,2025-12-08T18:32:09.091411,C100397,BEN5229,266.55,High-Risk,100
TX00002176,2025-12-08T18:48:40.091411,C100055,BEN8577,244.69,High-Risk,100
TX00003850,2025-12-08T18:53:36.091411,C100147,BEN7314,1532.38,STR,130
TX00002496,2025-12-08T18:56:34.091411,C100179,BEN6367,938.56,High-Risk,100
TX00002473,2025-12-08T18:58:30.091411,C100387,BEN4327,3564.94,High-Risk,100
TX00000375,2025-12-08T19:03:24.091411,C100273,BEN6127,4727.05,High-Risk,100
TX00000743,2025-12-08T19:05:08.091411,C100187,BEN8328,399.95,High-Risk,100
TX00003595,2025-12-08T19:06:55.091411,C100147,BEN3201,2824.72,High-Risk,100
TX00001963,2025-12-08T19:12:46.091411,C100198,BEN4747,2613.46,High-Risk,100
TX00000115,2025-12-08T19:15:41.091411,C100055,BEN2897,3265.94,High-Risk,100
TX00003324,2025-12-08T19:16:55.091411,C100307,BEN2543,2204.74,High-Risk,100
TX00000889,2025-12-08T19:18:43.091411,C100249,BEN5317,566.1,High-Risk,100
TX00001317,2025-12-08T19:38:40.091411,C100223,BEN4677,528.72,High-Risk,100
TX00003432,2025-12-08T19:51:50.091411,C100212,BEN8837,3203.8,High-Risk,100
TX00000223,2025-12-08T19:59:01.091411,C100301,BEN3947,1616.32,High-Risk,100
TX00001489,2025-12-08T20:04:44.091411,C100137,BEN3182,2235.82,High-Risk,100
TX00003292,2025-12-08T20:05:30.091411,C100067,BEN9117,1469.66,High-Risk,100
TX00000265,2025-12-08T20:12:43.091411,C100251,BEN8797,3388.15,High-Risk,100
TX00003818,2025-12-08T20:25:49.091411,C100157,BEN7577,2099.97,High-Risk,100
TX00003229,2025-12-08T20:27:42.091411,C100177,BEN4212,1586.94,High-Risk,100
TX00002636,2025-12-08T20:28:37.091411,C100245,BEN4407,709.97,High-Risk,100
TX00003445,2025-12-08T20:29:05.091411,C100113,BEN7587,833.74,High-Risk,100
TX00001567,2025-12-08T20:34:04.091411,C100167,BEN2386,8820.27,High-Risk,100
TX00001520,2025-12-08T20:34:55.091411,C100378,BEN3157,3285.87,High-Risk,100
TX00000589,2025-12-08T20:39:25.091411,C100357,BEN4042,2252.58,High-Risk,100
TX00001467,2025-12-08T20:39:39.091411,C100162,BEN9117,794.86,High-Risk,100
TX00000926,2025-12-08T20:40:00.091411,C100177,BEN2894,5013.78,High-Risk,100
TX00001672,2025-12-08T20:46:34.091411,C100277,BEN2588,1406.59,High-Risk,100
TX00002740,2025-12-08T20:49:17.091411,C100177,BEN5131,3276.5,High-Risk,100
TX00000830,2025-12-08T20:54:34.091411,C100093,BEN6897,2278.54,High-Risk,100
TX00001824,2025-12-08T20:55:00.091411,C100257,BEN8437,1550.7,High-Risk,100
TX00003909,2025-12-08T21:00:38.091411,C100037,BEN6268,455.91,High-Risk,100
TX00000960,2025-12-08T21:02:04.091411,C100380,BEN6387,5533.84,High-Risk,100
TX00000248,2025-12-08T21:14:25.091411,C100057,BEN2914,3844.77,High-Risk,100
TX00001412,2025-12-08T21:18:02.091411,C100027,BEN8898,4098.67,High-Risk,100
TX00001063,2025-12-08T21:33:23.091411,C100146,BEN3037,1020.08,High-Risk,100
TX00002470,2025-12-08T21:34:06.091411,C100197,BEN3348,355605.68,STR,180
TX00002693,2025-12-08T21:47:36.091411,C100280,BEN7697,3081.68,High-Risk,100
TX00000754,2025-12-08T21:49:17.091411,C100329,BEN2427,1787.43,High-Risk,100
TX00000342,2025-12-08T21:55:23.091411,C100291,BEN3587,1147.8,High-Risk,100
TX00001221,2025-12-08T21:56:22.091411,C100367,BEN1144,2119.19,High-Risk,100
TX00000136,2025-12-08T22:05:42.091411,C100037,BEN5937,3428.17,High-Risk,100
TX00003385,2025-12-08T22:19:06.091411,C100087,BEN6331,3890.84,High-Risk,100
TX00003644,2025-12-08T22:35:05.091411,C100121,BEN9497,1495.47,High-Risk,100
TX00003601,2025-12-08T22:43:05.091411,C100137,BEN8427,5570.03,High-Risk,100
TX00001765,2025-12-08T22:52:39.091411,C100341,BEN7547,2203.82,High-Risk,100
TX00000135,2025-12-08T23:15:32.091411,C100169,BEN5127,1472.91,High-Risk,100
TX00001376,2025-12-08T23:18:59.091411,C100370,BEN6717,202.68,High-Risk,100
TX00003298,2025-12-08T23:27:11.091411,C100147,BEN3913,933.76,High-Risk,100
TX00000708,2025-12-08T23:33:14.091411,C100324,BEN5527,2725.1,High-Risk,100
TX00001416,2025-12-08T23:43:05.091411,C100307,BEN9512,2698.41,High-Risk,100
TX00000259,2025-12-08T23:52:35.091411,C100050,BEN8777,2909.06,High-Risk,100
TX00003546,2025-12-09T00:11:03.091411,C100007,BEN1804,3743.16,STR,120
TX00003099,2025-12-09T00:15:00.091411,C100237,BEN7973,5407.5,STR,120
TX00002610,2025-12-09T00:20:28.091411,C100137,BEN4376,2474.95,STR,120
TX00000095,2025-12-09T00:24:12.091411,C100214,BEN7204,1979.36,Medium,50
TX00002777,2025-12-09T00:32:19.091411,C100397,BEN2369,2931.94,STR,120
TX00003918,2025-12-09T00:39:15.091411,C100277,BEN7853,1138.17,STR,120
TX00000511,2025-12-09T00:48:21.091411,C100067,BEN3916,1444.7,STR,120
TX00001446,2025-12-09T00:51:17.091411,C100193,BEN9287,2194.98,STR,150
TX00003301,2025-12-09T01:01:49.091411,C100256,BEN7299,4876.91,Medium,50
TX00002606,2025-12-09T01:05:18.091411,C100237,BEN6725,2205.54,STR,120
TX00003086,2025-12-09T01:10:46.091411,C100097,BEN3455,582.63,High-Risk,100
TX00001788,2025-12-09T01:31:30.091411,C100007,BEN5631,459.61,High-Risk,100
TX00003900,2025-12-09T01:36:51.091411,C100361,BEN7997,1183.07,STR,120
TX00001251,2025-12-09T01:37:38.091411,C100135,BEN8727,1996.78,STR,120
TX00003774,2025-12-09T01:45:19.091411,C100200,BEN7907,1274.72,STR,120
TX00002781,2025-12-09T01:45:35.091411,C100247,BEN7301,1568.28,STR,120
TX00002844,2025-12-09T02:05:18.091411,C100118,BEN7457,1343.81,STR,120
TX00001313,2025-12-09T02:09:42.091411,C100012,BEN5527,3150.03,STR,120
TX00001447,2025-12-09T02:09:46.091411,C100325,BEN7967,15383.45,STR,120
TX00001438,2025-12-09T02:17:24.091411,C100150,BEN2893,5395.81,Medium,50
TX00003912,2025-12-09T02:25:20.091411,C100060,BEN7207,3612.98,STR,120
TX00002149,2025-12-09T02:32:06.091411,C100227,BEN9672,1515.42,STR,120
TX00002236,2025-12-09T02:32:36.091411,C100049,BEN1897,2342.22,STR,150
TX00000260,2025-12-09T02:33:55.091411,C100184,BEN2347,10221.14,STR,120
TX00002366,2025-12-09T02:37:12.091411,C100237,BEN3587,415.11,High-Risk,100
TX00000284,2025-12-09T02:40:02.091411,C100077,BEN3435,573.21,High-Risk,100
TX00001948,2025-12-09T02:42:01.091411,C100368,BEN2717,3613.98,STR,120
TX00003070,2025-12-09T02:44:13.091411,C100260,BEN2747,2138.4,STR,120
TX00000927,2025-12-09T02:44:27.091411,C100187,BEN5875,350.56,High-Risk,100
TX00000529,2025-12-09T02:54:01.091411,C100398,BEN6767,3430.57,STR,150
TX00001128,2025-12-09T02:59:52.091411,C100152,BEN6297,1354.84,STR,120
TX00001742,2025-12-09T03:19:40.091411,C100136,BEN2677,3820.38,STR,120
TX00000380,2025-12-09T03:40:34.091411,C100127,BEN3999,2886.31,STR,120
TX00002631,2025-12-09T03:48:32.091411,C100355,BEN1177,1778.39,STR,120
TX00003418,2025-12-09T03:55:20.091411,C100219,BEN7957,984.01,High-Risk,100
TX00003089,2025-12-09T04:02:05.091411,C100377,BEN7869,629.13,High-Risk,100
TX00001479,2025-12-09T04:05:09.091411,C100145,BEN4837,2032.49,STR,120
TX00002688,2025-12-09T04:05:11.091411,C100327,BEN3591,7364.33,STR,120
TX00002026,2025-12-09T04:05:18.091411,C100018,BEN2742,142786.1,High-Risk,100
TX00002866,2025-12-09T04:14:24.091411,C100252,BEN1500,448338.62,High-Risk,100
TX00000845,2025-12-09T04:16:10.091411,C100063,BEN6997,574.47,High-Risk,100
TX00001414,2025-12-09T04:16:15.091411,C100007,BEN7639,1549.67,STR,120
TX00002652,2025-12-09T04:21:49.091411,C100177,BEN3431,4109.45,STR,120
TX00002160,2025-12-09T04:24:15.091411,C100237,BEN7433,5581.1,STR,120
TX00000303,2025-12-09T04:27:49.091411,C100316,BEN7627,2689.92,STR,120
TX00001980,2025-12-09T04:47:41.091411,C100040,BEN2222,1574.15,Medium,50
TX00001292,2025-12-09T04:50:12.091411,C100157,BEN2643,3286.23,STR,120
TX00001652,2025-12-09T04:52:18.091411,C100352,BEN2497,4707.05,STR,120
TX00000683,2025-12-09T04:54:24.091411,C100388,BEN8393,1466.97,Medium,50
TX00000736,2025-12-09T05:12:55.091411,C100047,BEN8768,2068.56,STR,120
TX00002662,2025-12-09T05:15:23.091411,C100197,BEN8322,1858.39,STR,120
TX00000608,2025-12-09T05:25:07.091411,C100121,BEN1220,405126.29,STR,170
TX00003914,2025-12-09T05:26:23.091411,C100150,BEN7657,1291.11,STR,120
TX00001594,2025-12-09T05:33:52.091411,C100117,BEN7071,2154.66,STR,120
TX00002472,2025-12-09T05:42:37.091411,C100348,BEN2151,1057.09,Medium,50
TX00003018,2025-12-09T05:43:31.091411,C100007,BEN9888,1329.58,STR,120
TX00000778,2025-12-09T05:45:23.091411,C100377,BEN8361,6885.65,STR,120
TX00001246,2025-12-09T05:49:09.091411,C100318,BEN8857,4194.61,STR,150
TX00001141,2025-12-09T05:53:49.091411,C100052,BEN7747,1937.87,STR,120
TX00001280,2025-12-09T05:57:32.091411,C100288,BEN8217,546.66,High-Risk,100
TX00001245,2025-12-09T06:10:53.091411,C100147,BEN3893,676.67,High-Risk,100
TX00002218,2025-12-09T06:13:11.091411,C100372,BEN9557,10829.78,High-Risk,100
TX00000141,2025-12-09T06:13:59.091411,C100297,BEN1600,2375.32,High-Risk,100
TX00003732,2025-12-09T06:20:40.091411,C100255,BEN6087,747.92,High-Risk,100
TX00001177,2025-12-09T06:23:21.091411,C100397,BEN6586,189.45,High-Risk,100
TX00002143,2025-12-09T06:25:37.091411,C100327,BEN8041,2305.12,High-Risk,100
TX00002837,2025-12-09T06:39:12.091411,C100073,BEN4657,673.95,High-Risk,100
TX00003958,2025-12-09T06:59:04.091411,C100143,BEN4397,1103.64,High-Risk,100
TX00000705,2025-12-09T07:24:28.091411,C100304,BEN8357,4551.21,High-Risk,100
TX00000005,2025-12-09T07:25:16.091411,C100378,BEN7937,1339.25,STR,130
TX00001153,2025-12-09T07:26:25.091411,C100067,BEN9873,3579.18,High-Risk,100
TX00001898,2025-12-09T07:26:35.091411,C100159,BEN3257,1164.17,High-Risk,100
TX00000044,2025-12-09T07:27:13.091411,C100097,BEN1647,5300.85,High-Risk,100
TX00002299,2025-12-09T07:37:13.091411,C100247,BEN3332,3482.16,High-Risk,100
TX00000408,2025-12-09T07:41:32.091411,C100216,BEN5227,2203.99,High-Risk,100
TX00003299,2025-12-09T07:46:57.091411,C100039,BEN6877,4472.01,High-Risk,100
TX00003171,2025-12-09T07:54:36.091411,C100003,BEN3637,3259.84,High-Risk,100
TX00001922,2025-12-09T07:55:19.091411,C100267,BEN6988,2559.82,High-Risk,100
TX00003110,2025-12-09T08:00:26.091411,C100387,BEN2503,2045.82,High-Risk,100
TX00000655,2025-12-09T08:05:44.091411,C100226,BEN2267,314.69,High-Risk,100
TX00003783,2025-12-09T08:09:06.091411,C100127,BEN3793,964.09,High-Risk,100
TX00003486,2025-12-09T08:10:59.091411,C100147,BEN8389,1366.39,STR,130
TX00003239,2025-12-09T08:13:20.091411,C100009,BEN2457,2580.68,High-Risk,100
TX00000662,2025-12-09T08:22:01.091411,C100152,BEN5907,5041.5,High-Risk,100
TX00001812,2025-12-09T08:34:14.091411,C100225,BEN3587,402846.84,STR,250
TX00003854,2025-12-09T08:40:09.091411,C100024,BEN5957,1128.83,High-Risk,100
TX00003095,2025-12-09T08:44:39.091411,C100297,BEN1001,6102.0,High-Risk,100
TX00002003,2025-12-09T08:53:21.091411,C100349,BEN1087,2724.76,High-Risk,100
TX00003969,2025-12-09T08:54:38.091411,C100019,BEN9307,2776.98,High-Risk,100
TX00003284,2025-12-09T09:03:50.091411,C100257,BEN7013,2973.93,High-Risk,100
TX00002584,2025-12-09T09:08:24.091411,C100397,BEN7851,2751.11,STR,130
TX00000998,2025-12-09T09:09:29.091411,C100057,BEN5565,9291.12,High-Risk,100
TX00002161,2025-12-09T09:13:41.091411,C100072,BEN6717,4149.06,High-Risk,100
TX00003618,2025-12-09T09:14:34.091411,C100088,BEN9327,874.37,High-Risk,100
TX00001028,2025-12-09T09:25:22.091411,C100287,BEN7577,3138.19,High-Risk,100
TX00003172,2025-12-09T09:28:54.091411,C100257,BEN4297,3689.19,High-Risk,100
TX00003454,2025-12-09T09:34:40.091411,C100127,BEN5034,1200.99,High-Risk,100
TX00002329,2025-12-09T09:42:30.091411,C100027,BEN9332,2624.51,High-Risk,100
TX00002989,2025-12-09T09:48:02.091411,C100035,BEN5917,723.07,High-Risk,100
TX00002615,2025-12-09T09:56:22.091411,C100044,BEN8057,598.77,High-Risk,100
TX00003572,2025-12-09T10:02:10.091411,C100367,BEN6227,772.93,High-Risk,100
TX00003796,2025-12-09T10:06:37.091411,C100218,BEN6957,1971.0,High-Risk,100
TX00003348,2025-12-09T10:11:20.091411,C100152,BEN2087,701.07,STR,130
TX00003972,2025-12-09T10:24:46.091411,C100367,BEN9099,1094.87,High-Risk,100
TX00002474,2025-12-09T10:26:59.091411,C100368,BEN7207,3892.32,High-Risk,100
TX00003326,2025-12-09T10:50:19.091411,C100123,BEN7307,1634.76,High-Risk,100
TX00003364,2025-12-09T10:52:32.091411,C100047,BEN8558,1729.36,High-Risk,100
TX00001150,2025-12-09T10:52:43.091411,C100004,BEN3307,2771.32,High-Risk,100
TX00001820,2025-12-09T11:04:43.091411,C100263,BEN4427,2131.54,High-Risk,100
TX00003863,2025-12-09T11:14:47.091411,C100197,BEN4412,5031.64,High-Risk,100
TX00002674,2025-12-09T11:16:07.091411,C100235,BEN5237,44.19,High-Risk,100
TX00001076,2025-12-09T11:21:33.091411,C100134,BEN8337,537.08,STR,130
TX00001868,2025-12-09T11:23:54.091411,C100185,BEN7221,10109.67,Medium,70
TX00000707,2025-12-09T11:27:35.091411,C100037,BEN9602,1265.46,High-Risk,100
TX00000855,2025-12-09T11:35:44.091411,C100020,BEN2607,837.41,High-Risk,100
TX00002969,2025-12-09T11:36:49.091411,C100147,BEN2413,2733.77,STR,130
TX00000233,2025-12-09T11:38:29.091411,C100145,BEN4377,934.43,High-Risk,100
TX00000250,2025-12-09T11:42:22.091411,C100227,BEN5728,1472.58,High-Risk,100
TX00003156,2025-12-09T11:46:33.091411,C100277,BEN5957,3124.57,High-Risk,100
TX00002339,2025-12-09T11:47:01.091411,C100227,BEN7309,2221.71,High-Risk,100
TX00001130,2025-12-09T11:47:37.091411,C100281,BEN2817,1768.19,High-Risk,100
TX00000798,2025-12-09T12:02:59.091411,C100046,BEN6137,1240.36,High-Risk,100
TX00000554,2025-12-09T12:30:45.091411,C100225,BEN4417,978.96,High-Risk,100
TX00001065,2025-12-09T12:43:30.091411,C100207,BEN2030,542.45,High-Risk,100
TX00001510,2025-12-09T12:48:30.091411,C100327,BEN9538,834.29,High-Risk,100
TX00002936,2025-12-09T12:50:05.091411,C100366,BEN5397,2651.41,High-Risk,100
TX00002305,2025-12-09T12:51:27.091411,C100266,BEN5667,1095.75,High-Risk,100
TX00000055,2025-12-09T12:58:24.091411,C100124,BEN3777,1872.11,High-Risk,100
TX00003462,2025-12-09T13:22:21.091411,C100197,BEN7156,4444.75,High-Risk,100
TX00000479,2025-12-09T13:24:01.091411,C100124,BEN6157,1855.65,High-Risk,100
TX00003733,2025-12-09T13:25:23.091411,C100267,BEN5353,2082.38,High-Risk,100
TX00000535,2025-12-09T13:32:20.091411,C100124,BEN6407,6210.45,High-Risk,100
TX00003424,2025-12-09T13:56:48.091411,C100367,BEN6545,2141.88,High-Risk,100
TX00003778,2025-12-09T14:03:58.091411,C100263,BEN2922,124862.18,High-Risk,80
TX00003434,2025-12-09T14:06:56.091411,C100116,BEN5707,1372.0,High-Risk,100
TX00003282,2025-12-09T14:12:21.091411,C100071,BEN8277,110.66,High-Risk,100
TX00002452,2025-12-09T14:12:23.091411,C100397,BEN2429,3226.16,High-Risk,100
TX00002060,2025-12-09T14:12:32.091411,C100267,BEN2322,1477.56,High-Risk,100
TX00003152,2025-12-09T14:13:12.091411,C100097,BEN2099,1543.82,High-Risk,100
TX00003065,2025-12-09T14:21:46.091411,C100077,BEN9463,26.71,High-Risk,100
TX00002130,2025-12-09T14:28:13.091411,C100377,BEN8321,1048.54,High-Risk,100
TX00000609,2025-12-09T14:31:42.091411,C100041,BEN4818,335135.43,High-Risk,80
TX00000864,2025-12-09T14:36:07.091411,C100188,BEN1747,1339.57,High-Risk,100
TX00002813,2025-12-09T14:50:00.091411,C100120,BEN9267,6012.5,High-Risk,100
TX00003534,2025-12-09T14:50:57.091411,C100322,BEN6987,3973.95,High-Risk,100
TX00000545,2025-12-09T14:59:09.091411,C100134,BEN6017,1705.51,High-Risk,100
TX00000826,2025-12-09T15:04:02.091411,C100277,BEN2079,254739.87,STR,180
TX00002267,2025-12-09T15:11:41.091411,C100377,BEN8609,513.85,High-Risk,100
TX00000276,2025-12-09T15:14:21.091411,C100387,BEN3625,2149.44,High-Risk,100
TX00000996,2025-12-09T15:30:24.091411,C100053,BEN3935,242983.43,High-Risk,80
TX00000607,2025-12-09T15:43:07.091411,C100177,BEN5614,5136.27,High-Risk,100
TX00003694,2025-12-09T15:45:29.091411,C100398,BEN4907,7888.82,High-Risk,100
TX00003981,2025-12-09T16:00:44.091411,C100347,BEN4584,1109.69,High-Risk,100
TX00003402,2025-12-09T16:10:05.091411,C100237,BEN7312,1866.9,High-Risk,100
TX00001163,2025-12-09T16:14:54.091411,C100187,BEN7322,3126.85,High-Risk,100
TX00000412,2025-12-09T16:26:25.091411,C100367,BEN3307,846.97,High-Risk,100
TX00003889,2025-12-09T16:34:00.091411,C100057,BEN4473,3329.8,High-Risk,100
TX00003254,2025-12-09T16:42:14.091411,C100200,BEN4447,3304.57,High-Risk,100
TX00003839,2025-12-09T16:46:44.091411,C100137,BEN3621,1678.55,High-Risk,100
TX00001268,2025-12-09T17:00:03.091411,C100272,BEN4097,119.64,High-Risk,100
TX00000966,2025-12-09T17:02:03.091411,C100200,BEN2147,1105.59,High-Risk,100
TX00001538,2025-12-09T17:08:05.091411,C100367,BEN2968,1476.63,High-Risk,100
TX00000567,2025-12-09T17:12:28.091411,C100141,BEN3487,4466.28,High-Risk,100
TX00001584,2025-12-09T17:13:48.091411,C100167,BEN5349,831.27,High-Risk,100
TX00002581,2025-12-09T17:31:03.091411,C100390,BEN9327,3756.91,High-Risk,100
TX00002773,2025-12-09T17:31:06.091411,C100318,BEN9017,5764.18,High-Risk,100
TX00003720,2025-12-09T17:40:54.091411,C100305,BEN9097,937.43,High-Risk,100
TX00003228,2025-12-09T17:48:57.091411,C100016,BEN2257,1517.76,High-Risk,100
TX00001047,2025-12-09T17:53:38.091411,C100017,BEN3157,4237.83,High-Risk,100
TX00001992,2025-12-09T17:54:15.091411,C100133,BEN1307,1558.98,High-Risk,100
TX00001099,2025-12-09T18:00:46.091411,C100097,BEN8976,1006.74,High-Risk,100
TX00000543,2025-12-09T18:13:04.091411,C100387,BEN9348,261486.15,STR,180
TX00003249,2025-12-09T18:13:48.091411,C100050,BEN7437,4361.68,High-Risk,100
TX00003792,2025-12-09T18:19:28.091411,C100257,BEN8772,550.1,High-Risk,100
TX00000959,2025-12-09T18:23:38.091411,C100117,BEN5430,2279.33,High-Risk,100
TX00002908,2025-12-09T18:25:32.091411,C100122,BEN4407,136.7,High-Risk,100
TX00000242,2025-12-09T18:30:39.091411,C100171,BEN4437,934.57,High-Risk,100
TX00000173,2025-12-09T18:32:30.091411,C100285,BEN8187,2172.25,High-Risk,100
TX00001891,2025-12-09T18:34:52.091411,C100259,BEN6395,300783.58,High-Risk,80
TX00000629,2025-12-09T18:39:31.091411,C100104,BEN8807,637.35,High-Risk,100
TX00000194,2025-12-09T18:41:55.091411,C100376,BEN1807,1359.14,High-Risk,100
TX00001439,2025-12-09T18:59:34.091411,C100357,BEN5082,2439.32,High-Risk,100
